"Domain","Available","Price"
"tryrocco.art","available","€2.54"
"userocco.art","available","€2.54"
"getrocco.art","available","€2.54"
"therocco.art","available","€2.54"
"meetrocco.art","available","€2.54"
"roccoapp.art","available","€2.54"
"roccolabs.art","available","€2.54"
"roccohub.art","available","€2.54"
"roccohq.art","available","€2.54"
"rocco.autos","available","€1.54"
"tryrocco.autos","available","€1.54"
"userocco.autos","available","€1.54"
"getrocco.autos","available","€1.54"
"therocco.autos","available","€1.54"
"meetrocco.autos","available","€1.54"
"roccoapp.autos","available","€1.54"
"roccolabs.autos","available","€1.54"
"roccohub.autos","available","€1.54"
"roccohq.autos","available","€1.54"
"tryrocco.beauty","available","€1.54"
"userocco.beauty","available","€1.54"
"getrocco.beauty","available","€1.54"
"therocco.beauty","available","€1.54"
"meetrocco.beauty","available","€1.54"
"roccoapp.beauty","available","€1.54"
"roccolabs.beauty","available","€1.54"
"roccohub.beauty","available","€1.54"
"roccohq.beauty","available","€1.54"
"rocco.boats","available","€1.54"
"tryrocco.boats","available","€1.54"
"userocco.boats","available","€1.54"
"getrocco.boats","available","€1.54"
"therocco.boats","available","€1.54"
"meetrocco.boats","available","€1.54"
"roccoapp.boats","available","€1.54"
"roccolabs.boats","available","€1.54"
"roccohub.boats","available","€1.54"
"roccohq.boats","available","€1.54"
"tryrocco.bond","available","€1.31"
"userocco.bond","available","€1.31"
"getrocco.bond","available","€1.31"
"therocco.bond","available","€1.31"
"meetrocco.bond","available","€1.31"
"roccoapp.bond","available","€1.31"
"roccolabs.bond","available","€1.31"
"roccohub.bond","available","€1.31"
"roccohq.bond","available","€1.31"
"rocco.cam","available","€2.54"
"tryrocco.cam","available","€2.54"
"userocco.cam","available","€2.54"
"getrocco.cam","available","€2.54"
"therocco.cam","available","€2.54"
"meetrocco.cam","available","€2.54"
"roccoapp.cam","available","€2.54"
"roccolabs.cam","available","€2.54"
"roccohub.cam","available","€2.54"
"roccohq.cam","available","€2.54"
"tryrocco.cfd","available","€1.19"
"userocco.cfd","available","€1.19"
"getrocco.cfd","available","€1.19"
"therocco.cfd","available","€1.19"
"meetrocco.cfd","available","€1.19"
"roccoapp.cfd","available","€1.19"
"roccolabs.cfd","available","€1.19"
"roccohub.cfd","available","€1.19"
"roccohq.cfd","available","€1.19"
"tryrocco.click","available","€1.54"
"userocco.click","available","€1.54"
"getrocco.click","available","€1.54"
"therocco.click","available","€1.54"
"meetrocco.click","available","€1.54"
"roccoapp.click","available","€1.54"
"roccolabs.click","available","€1.54"
"roccohub.click","available","€1.54"
"roccohq.click","available","€1.54"
"tryrocco.cloud","available","€3.40"
"userocco.cloud","available","€3.40"
"getrocco.cloud","available","€3.40"
"therocco.cloud","available","€3.40"
"meetrocco.cloud","available","€3.40"
"roccoapp.cloud","available","€3.40"
"roccolabs.cloud","available","€3.40"
"roccohub.cloud","available","€3.40"
"roccohq.cloud","available","€3.40"
"tryrocco.cyou","available","€1.19"
"userocco.cyou","available","€1.19"
"getrocco.cyou","available","€1.19"
"therocco.cyou","available","€1.19"
"meetrocco.cyou","available","€1.19"
"roccoapp.cyou","available","€1.19"
"roccolabs.cyou","available","€1.19"
"roccohub.cyou","available","€1.19"
"roccohq.cyou","available","€1.19"
"tryrocco.digital","available","€1.69"
"userocco.digital","available","€1.69"
"getrocco.digital","available","€1.69"
"therocco.digital","available","€1.69"
"meetrocco.digital","available","€1.69"
"roccoapp.digital","available","€1.69"
"roccolabs.digital","available","€1.69"
"roccohub.digital","available","€1.69"
"roccohq.digital","available","€1.69"
"tryrocco.guru","available","€2.54"
"userocco.guru","available","€2.54"
"getrocco.guru","available","€2.54"
"therocco.guru","available","€2.54"
"meetrocco.guru","available","€2.54"
"roccoapp.guru","available","€2.54"
"roccolabs.guru","available","€2.54"
"roccohub.guru","available","€2.54"
"roccohq.guru","available","€2.54"
"rocco.homes","available","€1.54"
"tryrocco.homes","available","€1.54"
"userocco.homes","available","€1.54"
"getrocco.homes","available","€1.54"
"therocco.homes","available","€1.54"
"meetrocco.homes","available","€1.54"
"roccoapp.homes","available","€1.54"
"roccolabs.homes","available","€1.54"
"roccohub.homes","available","€1.54"
"roccohq.homes","available","€1.54"
"tryrocco.icu","available","€1.19"
"userocco.icu","available","€1.19"
"getrocco.icu","available","€1.19"
"therocco.icu","available","€1.19"
"meetrocco.icu","available","€1.19"
"roccoapp.icu","available","€1.19"
"roccolabs.icu","available","€1.19"
"roccohub.icu","available","€1.19"
"roccohq.icu","available","€1.19"
"rocco.ink","available","€2.54"
"tryrocco.ink","available","€2.54"
"userocco.ink","available","€2.54"
"getrocco.ink","available","€2.54"
"therocco.ink","available","€2.54"
"meetrocco.ink","available","€2.54"
"roccoapp.ink","available","€2.54"
"roccolabs.ink","available","€2.54"
"roccohub.ink","available","€2.54"
"roccohq.ink","available","€2.54"
"tryrocco.life","available","€2.12"
"userocco.life","available","€2.12"
"getrocco.life","available","€2.12"
"therocco.life","available","€2.12"
"meetrocco.life","available","€2.12"
"roccoapp.life","available","€2.12"
"roccolabs.life","available","€2.12"
"roccohub.life","available","€2.12"
"roccohq.life","available","€2.12"
"tryrocco.live","available","€2.12"
"userocco.live","available","€2.12"
"getrocco.live","available","€2.12"
"therocco.live","available","€2.12"
"meetrocco.live","available","€2.12"
"roccoapp.live","available","€2.12"
"roccolabs.live","available","€2.12"
"roccohub.live","available","€2.12"
"roccohq.live","available","€2.12"
"tryrocco.lol","available","€1.54"
"userocco.lol","available","€1.54"
"getrocco.lol","available","€1.54"
"therocco.lol","available","€1.54"
"meetrocco.lol","available","€1.54"
"roccoapp.lol","available","€1.54"
"roccolabs.lol","available","€1.54"
"roccohub.lol","available","€1.54"
"roccohq.lol","available","€1.54"
"rocco.makeup","available","€1.54"
"tryrocco.makeup","available","€1.54"
"userocco.makeup","available","€1.54"
"getrocco.makeup","available","€1.54"
"therocco.makeup","available","€1.54"
"meetrocco.makeup","available","€1.54"
"roccoapp.makeup","available","€1.54"
"roccolabs.makeup","available","€1.54"
"roccohub.makeup","available","€1.54"
"roccohq.makeup","available","€1.54"
"rocco.mom","available","€1.54"
"tryrocco.mom","available","€1.54"
"userocco.mom","available","€1.54"
"getrocco.mom","available","€1.54"
"therocco.mom","available","€1.54"
"meetrocco.mom","available","€1.54"
"roccoapp.mom","available","€1.54"
"roccolabs.mom","available","€1.54"
"roccohub.mom","available","€1.54"
"roccohq.mom","available","€1.54"
"rocco.motorcycles","available","€1.54"
"tryrocco.motorcycles","available","€1.54"
"userocco.motorcycles","available","€1.54"
"getrocco.motorcycles","available","€1.54"
"therocco.motorcycles","available","€1.54"
"meetrocco.motorcycles","available","€1.54"
"roccoapp.motorcycles","available","€1.54"
"roccolabs.motorcycles","available","€1.54"
"roccohub.motorcycles","available","€1.54"
"roccohq.motorcycles","available","€1.54"
"tryrocco.online","available","€0.84"
"userocco.online","available","€0.84"
"getrocco.online","available","€0.84"
"therocco.online","available","€0.84"
"meetrocco.online","available","€0.84"
"roccoapp.online","available","€0.84"
"roccolabs.online","available","€0.84"
"roccohub.online","available","€0.84"
"roccohq.online","available","€0.84"
"rocco.pics","available","€1.54"
"tryrocco.pics","available","€1.54"
"userocco.pics","available","€1.54"
"getrocco.pics","available","€1.54"
"therocco.pics","available","€1.54"
"meetrocco.pics","available","€1.54"
"roccoapp.pics","available","€1.54"
"roccolabs.pics","available","€1.54"
"roccohub.pics","available","€1.54"
"roccohq.pics","available","€1.54"
"rocco.quest","available","€1.54"
"tryrocco.quest","available","€1.54"
"userocco.quest","available","€1.54"
"getrocco.quest","available","€1.54"
"therocco.quest","available","€1.54"
"meetrocco.quest","available","€1.54"
"roccoapp.quest","available","€1.54"
"roccolabs.quest","available","€1.54"
"roccohub.quest","available","€1.54"
"roccohq.quest","available","€1.54"
"rocco.rest","available","€1.54"
"tryrocco.rest","available","€1.54"
"userocco.rest","available","€1.54"
"getrocco.rest","available","€1.54"
"therocco.rest","available","€1.54"
"meetrocco.rest","available","€1.54"
"roccoapp.rest","available","€1.54"
"roccolabs.rest","available","€1.54"
"roccohub.rest","available","€1.54"
"roccohq.rest","available","€1.54"
"tryrocco.sbs","available","€1.19"
"userocco.sbs","available","€1.19"
"getrocco.sbs","available","€1.19"
"therocco.sbs","available","€1.19"
"meetrocco.sbs","available","€1.19"
"roccoapp.sbs","available","€1.19"
"roccolabs.sbs","available","€1.19"
"roccohub.sbs","available","€1.19"
"roccohq.sbs","available","€1.19"
"tryrocco.shop","available","€0.84"
"userocco.shop","available","€0.84"
"getrocco.shop","available","€0.84"
"therocco.shop","available","€0.84"
"meetrocco.shop","available","€0.84"
"roccoapp.shop","available","€0.84"
"roccolabs.shop","available","€0.84"
"roccohub.shop","available","€0.84"
"roccohq.shop","available","€0.84"
"tryrocco.site","available","€0.84"
"userocco.site","available","€0.84"
"getrocco.site","available","€0.84"
"therocco.site","available","€0.84"
"meetrocco.site","available","€0.84"
"roccoapp.site","available","€0.84"
"roccolabs.site","available","€0.84"
"roccohub.site","available","€0.84"
"roccohq.site","available","€0.84"
"rocco.skin","available","€1.54"
"tryrocco.skin","available","€1.54"
"userocco.skin","available","€1.54"
"getrocco.skin","available","€1.54"
"therocco.skin","available","€1.54"
"meetrocco.skin","available","€1.54"
"roccoapp.skin","available","€1.54"
"roccolabs.skin","available","€1.54"
"roccohub.skin","available","€1.54"
"roccohq.skin","available","€1.54"
"tryrocco.store","available","€0.84"
"userocco.store","available","€0.84"
"getrocco.store","available","€0.84"
"therocco.store","available","€0.84"
"meetrocco.store","available","€0.84"
"roccoapp.store","available","€0.84"
"roccolabs.store","available","€0.84"
"roccohub.store","available","€0.84"
"roccohq.store","available","€0.84"
"rocco.tattoo","available","€2.54"
"tryrocco.tattoo","available","€2.54"
"userocco.tattoo","available","€2.54"
"getrocco.tattoo","available","€2.54"
"therocco.tattoo","available","€2.54"
"meetrocco.tattoo","available","€2.54"
"roccoapp.tattoo","available","€2.54"
"roccolabs.tattoo","available","€2.54"
"roccohub.tattoo","available","€2.54"
"roccohq.tattoo","available","€2.54"
"rocco.today","available","€2.54"
"tryrocco.today","available","€2.54"
"userocco.today","available","€2.54"
"getrocco.today","available","€2.54"
"therocco.today","available","€2.54"
"meetrocco.today","available","€2.54"
"roccoapp.today","available","€2.54"
"roccolabs.today","available","€2.54"
"roccohub.today","available","€2.54"
"roccohq.today","available","€2.54"
"tryrocco.top","available","€2.54"
"userocco.top","available","€2.54"
"getrocco.top","available","€2.54"
"therocco.top","available","€2.54"
"meetrocco.top","available","€2.54"
"roccoapp.top","available","€2.54"
"roccolabs.top","available","€2.54"
"roccohub.top","available","€2.54"
"roccohq.top","available","€2.54"
"tryrocco.website","available","€0.84"
"userocco.website","available","€0.84"
"getrocco.website","available","€0.84"
"therocco.website","available","€0.84"
"meetrocco.website","available","€0.84"
"roccoapp.website","available","€0.84"
"roccolabs.website","available","€0.84"
"roccohub.website","available","€0.84"
"roccohq.website","available","€0.84"
"rocco.wiki","available","€2.54"
"tryrocco.wiki","available","€2.54"
"userocco.wiki","available","€2.54"
"getrocco.wiki","available","€2.54"
"therocco.wiki","available","€2.54"
"meetrocco.wiki","available","€2.54"
"roccoapp.wiki","available","€2.54"
"roccolabs.wiki","available","€2.54"
"roccohub.wiki","available","€2.54"
"roccohq.wiki","available","€2.54"
"tryrocco.world","available","€1.69"
"userocco.world","available","€1.69"
"getrocco.world","available","€1.69"
"therocco.world","available","€1.69"
"meetrocco.world","available","€1.69"
"roccoapp.world","available","€1.69"
"roccolabs.world","available","€1.69"
"roccohub.world","available","€1.69"
"roccohq.world","available","€1.69"
"tryrocco.xyz","available","€1.71"
"userocco.xyz","available","€1.71"
"getrocco.xyz","available","€1.71"
"therocco.xyz","available","€1.71"
"meetrocco.xyz","available","€1.71"
"roccoapp.xyz","available","€1.71"
"roccohub.xyz","available","€1.71"
"roccohq.xyz","available","€1.71"
"rocco.yachts","available","€1.54"
"tryrocco.yachts","available","€1.54"
"userocco.yachts","available","€1.54"
"getrocco.yachts","available","€1.54"
"therocco.yachts","available","€1.54"
"meetrocco.yachts","available","€1.54"
"roccoapp.yachts","available","€1.54"
"roccolabs.yachts","available","€1.54"
"roccohub.yachts","available","€1.54"
"roccohq.yachts","available","€1.54"
"tryrocco.space","available","€0.84"
"userocco.space","available","€0.84"
"getrocco.space","available","€0.84"
"therocco.space","available","€0.84"
"meetrocco.space","available","€0.84"
"roccoapp.space","available","€0.84"
"roccolabs.space","available","€0.84"
"roccohub.space","available","€0.84"
"roccohq.space","available","€0.84"
"tryrocco.fun","available","€3.40"
"userocco.fun","available","€3.40"
"getrocco.fun","available","€3.40"
"therocco.fun","available","€3.40"
"meetrocco.fun","available","€3.40"
"roccoapp.fun","available","€3.40"
"roccolabs.fun","available","€3.40"
"roccohub.fun","available","€3.40"
"roccohq.fun","available","€3.40"
"rocco.monster","available","€1.54"
"tryrocco.monster","available","€1.54"
"userocco.monster","available","€1.54"
"getrocco.monster","available","€1.54"
"therocco.monster","available","€1.54"
"meetrocco.monster","available","€1.54"
"roccoapp.monster","available","€1.54"
"roccolabs.monster","available","€1.54"
"roccohub.monster","available","€1.54"
"roccohq.monster","available","€1.54"
"tryrocco.gay","available","€2.54"
"userocco.gay","available","€2.54"
"getrocco.gay","available","€2.54"
"therocco.gay","available","€2.54"
"meetrocco.gay","available","€2.54"
"roccoapp.gay","available","€2.54"
"roccolabs.gay","available","€2.54"
"roccohub.gay","available","€2.54"
"roccohq.gay","available","€2.54"
"rocco.hair","available","€1.54"
"tryrocco.hair","available","€1.54"
"userocco.hair","available","€1.54"
"getrocco.hair","available","€1.54"
"therocco.hair","available","€1.54"
"meetrocco.hair","available","€1.54"
"roccoapp.hair","available","€1.54"
"roccolabs.hair","available","€1.54"
"roccohub.hair","available","€1.54"
"roccohq.hair","available","€1.54"
